{
  "xgboost": {
    "price_lag_1": 31.989999771118164,
    "price_lag_2": 24.09000015258789,
    "roll_max_7": 22.549999237060547,
    "roll_min_14": 4.349999904632568,
    "roll_min_60": 1.0099999904632568,
    "roll_min_7": 0.6700000166893005,
    "roll_range_60": 0.6700000166893005,
    "price_arrival_ratio": 0.6600000262260437,
    "roll_mean_14": 0.5899999737739563,
    "roll_std_60": 0.5199999809265137,
    "price_lag_5": 0.5199999809265137,
    "doy_sin": 0.5199999809265137,
    "price_lag_3": 0.4699999988079071,
    "roll_cv_60": 0.4300000071525574,
    "roll_min_30": 0.4300000071525574,
    "roll_min_90": 0.4300000071525574,
    "roll_range_90": 0.41999998688697815,
    "day_of_year": 0.38999998569488525,
    "roll_max_30": 0.36000001430511475,
    "roll_mean_7": 0.3499999940395355
  },
  "lightgbm": {
    "price_lag_1": 8.6,
    "arrival_lag_1": 5.7,
    "arrival_lag_7": 3.23,
    "arrival_change": 3.14,
    "arrival_roll_7": 2.86,
    "price_arrival_ratio": 2.84,
    "trend_ratio_7_30": 2.64,
    "delhi_temp_min": 2.48,
    "delhi_temp_max": 2.39,
    "price_change_7d": 2.38,
    "doy_sin": 2.19,
    "region_humidity": 2.11,
    "region_temp_max": 2.09,
    "roll_cv_14": 2.04,
    "day_of_year": 2.02,
    "roll_std_14": 1.94,
    "roll_std_30": 1.9,
    "price_lag_2": 1.76,
    "region_temp_min": 1.75,
    "roll_mean_7": 1.73
  }
}