{
  "xgboost": {
    "price_lag_1": 31.079999923706055,
    "roll_min_7": 23.90999984741211,
    "price_lag_2": 11.899999618530273,
    "trend_ratio_30_90": 5.369999885559082,
    "roll_max_7": 4.489999771118164,
    "price_lag_3": 1.7999999523162842,
    "roll_min_14": 1.600000023841858,
    "roll_mean_7": 1.5299999713897705,
    "doy_sin": 1.0499999523162842,
    "roll_mean_60": 0.5600000023841858,
    "roll_max_14": 0.5600000023841858,
    "price_zscore": 0.5299999713897705,
    "arrival_roll_30": 0.5,
    "roll_std_90": 0.49000000953674316,
    "roll_std_60": 0.4399999976158142,
    "week_of_year": 0.4399999976158142,
    "roll_max_60": 0.4300000071525574,
    "day_of_year": 0.41999998688697815,
    "month_cos": 0.41999998688697815,
    "season": 0.4000000059604645
  },
  "lightgbm": {
    "price_lag_1": 7.66,
    "arrival_lag_7": 3.84,
    "delhi_humidity": 2.98,
    "arrival_lag_1": 2.9,
    "arrival_change": 2.68,
    "arrival_roll_30": 2.64,
    "roll_cv_14": 2.61,
    "region_temp_min": 2.41,
    "delhi_temp_max": 2.38,
    "roll_std_30": 2.37,
    "price_lag_2": 2.35,
    "roll_std_7": 2.31,
    "roll_mean_7": 2.3,
    "price_arrival_ratio": 2.2,
    "doy_sin": 2.07,
    "arrival_roll_7": 2.04,
    "price_lag_3": 2.03,
    "price_lag_5": 2.01,
    "region_temp_max": 2.0,
    "trend_ratio_7_30": 1.94
  }
}