{
  "xgboost": {
    "price_lag_1": 40.349998474121094,
    "price_lag_2": 18.8799991607666,
    "roll_mean_7": 9.079999923706055,
    "roll_min_7": 5.070000171661377,
    "price_lag_3": 1.7400000095367432,
    "roll_max_7": 1.659999966621399,
    "season": 1.3200000524520874,
    "roll_max_14": 0.9800000190734863,
    "roll_range_30": 0.8899999856948853,
    "price_zscore": 0.8100000023841858,
    "roll_mean_14": 0.7300000190734863,
    "week_of_year": 0.6700000166893005,
    "doy_cos": 0.6399999856948853,
    "price_arrival_ratio": 0.5899999737739563,
    "doy_sin": 0.5600000023841858,
    "roll_std_30": 0.47999998927116394,
    "roll_mean_60": 0.44999998807907104,
    "roll_min_90": 0.4300000071525574,
    "roll_max_30": 0.41999998688697815,
    "trend_ratio_7_30": 0.4000000059604645
  },
  "lightgbm": {
    "arrival_lag_7": 4.21,
    "arrival_lag_1": 3.87,
    "price_change_7d": 3.39,
    "arrival_change": 3.3,
    "price_lag_1": 3.08,
    "roll_std_7": 2.84,
    "price_change_1d": 2.66,
    "roll_cv_7": 2.58,
    "region_temp_max": 2.56,
    "delhi_humidity": 2.52,
    "delhi_temp_min": 2.45,
    "delhi_temp_max": 2.28,
    "region_temp_min": 2.27,
    "price_change_30d": 2.27,
    "price_zscore": 2.21,
    "arrival_roll_7": 2.2,
    "day_of_year": 2.13,
    "trend_ratio_7_30": 2.06,
    "region_humidity": 2.01,
    "roll_cv_30": 1.93
  }
}