{
  "xgboost": {
    "price_lag_1": 30.290000915527344,
    "roll_mean_7": 24.469999313354492,
    "price_lag_2": 8.539999961853027,
    "price_lag_3": 5.059999942779541,
    "roll_min_7": 3.740000009536743,
    "roll_mean_14": 1.9199999570846558,
    "roll_max_14": 1.440000057220459,
    "roll_min_14": 1.2799999713897705,
    "roll_min_60": 1.0800000429153442,
    "roll_min_30": 0.8899999856948853,
    "roll_max_7": 0.8299999833106995,
    "arrival_lag_7": 0.7900000214576721,
    "year_norm": 0.7599999904632568,
    "roll_mean_60": 0.7400000095367432,
    "delhi_rainfall": 0.6399999856948853,
    "arrival_lag_1": 0.5199999809265137,
    "roll_max_90": 0.5,
    "trend_ratio_30_90": 0.47999998927116394,
    "roll_range_60": 0.47999998927116394,
    "season": 0.46000000834465027
  },
  "lightgbm": {
    "price_lag_1": 15.54,
    "roll_mean_7": 3.77,
    "region_temp_min": 2.95,
    "price_lag_2": 2.5,
    "price_lag_3": 2.34,
    "price_lag_10": 2.34,
    "price_zscore": 2.34,
    "arrival_change": 2.19,
    "roll_mean_60": 2.14,
    "arrival_lag_7": 2.14,
    "delhi_temp_max": 2.04,
    "delhi_temp_min": 1.99,
    "region_humidity": 1.99,
    "price_arrival_ratio": 1.99,
    "day_of_year": 1.94,
    "roll_std_30": 1.83,
    "price_change_1d": 1.83,
    "arrival_roll_30": 1.83,
    "yoy_change": 1.78,
    "doy_cos": 1.73
  }
}