{
  "xgboost": {
    "price_lag_1": 34.63999938964844,
    "roll_mean_7": 19.719999313354492,
    "price_lag_2": 8.239999771118164,
    "roll_min_14": 7.489999771118164,
    "roll_min_7": 4.860000133514404,
    "roll_max_7": 2.009999990463257,
    "roll_mean_14": 1.6399999856948853,
    "month": 1.6200000047683716,
    "roll_max_14": 0.949999988079071,
    "roll_max_60": 0.8799999952316284,
    "roll_max_90": 0.6200000047683716,
    "roll_min_30": 0.5400000214576721,
    "season": 0.5199999809265137,
    "roll_cv_60": 0.5099999904632568,
    "roll_max_30": 0.46000000834465027,
    "roll_std_60": 0.46000000834465027,
    "doy_cos": 0.4399999976158142,
    "week_of_year": 0.4300000071525574,
    "roll_range_90": 0.41999998688697815,
    "month_cos": 0.41999998688697815
  },
  "lightgbm": {
    "price_lag_1": 5.05,
    "arrival_change": 2.88,
    "arrival_lag_1": 2.83,
    "region_temp_max": 2.79,
    "roll_std_60": 2.76,
    "arrival_lag_7": 2.58,
    "region_temp_min": 2.56,
    "trend_ratio_7_30": 2.49,
    "region_humidity": 2.44,
    "roll_mean_14": 2.39,
    "roll_cv_30": 2.35,
    "delhi_temp_min": 2.33,
    "arrival_roll_7": 2.31,
    "doy_cos": 2.29,
    "price_change_1d": 2.2,
    "price_arrival_ratio": 2.2,
    "roll_mean_7": 2.19,
    "delhi_temp_max": 2.15,
    "roll_std_30": 2.11,
    "roll_cv_60": 2.1
  }
}