{
  "xgboost": {
    "price_lag_1": 34.86000061035156,
    "price_lag_2": 18.790000915527344,
    "roll_max_7": 17.020000457763672,
    "roll_min_7": 11.779999732971191,
    "roll_max_14": 4.96999979019165,
    "price_lag_5": 1.1399999856948853,
    "price_lag_3": 1.1100000143051147,
    "roll_min_14": 0.9300000071525574,
    "roll_mean_7": 0.6700000166893005,
    "price_arrival_ratio": 0.36000001430511475,
    "arrival_lag_1": 0.28999999165534973,
    "roll_max_60": 0.25999999046325684,
    "day_of_year": 0.2199999988079071,
    "price_change_30d": 0.20000000298023224,
    "yoy_change": 0.20000000298023224,
    "roll_mean_60": 0.20000000298023224,
    "region_rainfall": 0.1899999976158142,
    "roll_min_30": 0.1899999976158142,
    "year": 0.1899999976158142,
    "roll_std_90": 0.1899999976158142
  },
  "lightgbm": {
    "price_lag_1": 17.09,
    "price_lag_2": 5.07,
    "price_arrival_ratio": 3.22,
    "arrival_lag_1": 3.09,
    "price_lag_5": 2.52,
    "delhi_temp_min": 2.42,
    "day_of_year": 2.37,
    "price_change_7d": 2.27,
    "roll_max_7": 2.23,
    "roll_std_60": 1.93,
    "region_temp_max": 1.85,
    "price_lag_3": 1.83,
    "arrival_roll_7": 1.81,
    "delhi_temp_max": 1.68,
    "region_humidity": 1.66,
    "roll_cv_90": 1.66,
    "roll_mean_14": 1.64,
    "doy_cos": 1.6,
    "arrival_lag_7": 1.58,
    "region_temp_min": 1.53
  }
}