{
  "xgboost": {
    "season": 38.150001525878906,
    "doy_cos": 15.869999885559082,
    "delhi_temp_min": 6.760000228881836,
    "week_of_year": 4.599999904632568,
    "roll_std_90": 3.869999885559082,
    "arrival_roll_30": 3.140000104904175,
    "day_of_year": 2.2100000381469727,
    "delhi_temp_max": 1.8700000047683716,
    "roll_mean_7": 1.6299999952316284,
    "roll_mean_90": 1.5,
    "roll_mean_60": 1.1799999475479126,
    "roll_min_7": 1.1299999952316284,
    "roll_max_14": 1.1100000143051147,
    "roll_std_30": 0.9599999785423279,
    "price_change_30d": 0.949999988079071,
    "trend_ratio_14_60": 0.9200000166893005,
    "price_lag_1": 0.75,
    "arrival_lag_7": 0.75,
    "price_zscore": 0.7400000095367432,
    "roll_mean_14": 0.699999988079071
  },
  "lightgbm": {
    "doy_cos": 9.14,
    "arrival_roll_30": 6.98,
    "price_change_30d": 5.48,
    "roll_std_14": 4.82,
    "roll_cv_60": 4.65,
    "dow_sin": 4.49,
    "roll_std_30": 4.32,
    "roll_cv_30": 4.32,
    "delhi_humidity": 3.82,
    "trend_ratio_14_60": 3.49,
    "roll_cv_14": 2.99,
    "roll_mean_90": 2.99,
    "price_lag_2": 2.82,
    "price_change_1d": 2.66,
    "trend_ratio_30_90": 2.33,
    "arrival_lag_7": 2.33,
    "arrival_change": 2.33,
    "doy_sin": 2.16,
    "price_lag_10": 2.16,
    "trend_ratio_7_30": 1.83
  }
}