{
  "xgboost": {
    "price_lag_1": 35.18000030517578,
    "price_lag_2": 17.959999084472656,
    "price_lag_3": 11.460000038146973,
    "price_change_30d": 8.130000114440918,
    "roll_max_7": 1.5099999904632568,
    "roll_mean_7": 1.3600000143051147,
    "month": 0.949999988079071,
    "price_zscore": 0.9300000071525574,
    "roll_min_30": 0.8399999737739563,
    "roll_max_90": 0.8199999928474426,
    "year": 0.8199999928474426,
    "price_arrival_ratio": 0.6700000166893005,
    "roll_range_14": 0.6000000238418579,
    "roll_range_60": 0.5899999737739563,
    "price_change_1d": 0.5899999737739563,
    "price_lag_28": 0.5699999928474426,
    "roll_min_14": 0.5600000023841858,
    "roll_cv_14": 0.550000011920929,
    "roll_min_7": 0.47999998927116394,
    "doy_cos": 0.4699999988079071
  },
  "lightgbm": {
    "price_lag_1": 5.06,
    "arrival_change": 4.23,
    "arrival_lag_7": 3.38,
    "region_temp_min": 3.21,
    "arrival_lag_1": 3.07,
    "region_temp_max": 3.06,
    "delhi_temp_min": 2.76,
    "price_zscore": 2.75,
    "region_humidity": 2.72,
    "roll_cv_7": 2.62,
    "price_change_1d": 2.43,
    "delhi_humidity": 2.33,
    "roll_std_7": 2.32,
    "doy_sin": 2.2,
    "trend_ratio_7_30": 2.15,
    "price_change_7d": 2.05,
    "arrival_roll_30": 2.02,
    "roll_std_30": 1.98,
    "roll_cv_30": 1.88,
    "price_arrival_ratio": 1.86
  }
}