{
  "xgboost": {
    "price_lag_2": 27.360000610351562,
    "price_lag_1": 25.5,
    "roll_min_7": 5.510000228881836,
    "roll_mean_7": 3.8299999237060547,
    "roll_max_7": 2.940000057220459,
    "roll_max_14": 1.7899999618530273,
    "roll_min_14": 1.75,
    "roll_max_30": 1.4700000286102295,
    "roll_mean_14": 1.3799999952316284,
    "price_lag_3": 1.1100000143051147,
    "season": 1.1100000143051147,
    "region_humidity": 0.949999988079071,
    "price_zscore": 0.9100000262260437,
    "day_of_year": 0.8999999761581421,
    "price_lag_10": 0.8100000023841858,
    "roll_min_30": 0.800000011920929,
    "month_sin": 0.6600000262260437,
    "trend_ratio_30_90": 0.6200000047683716,
    "price_arrival_ratio": 0.5899999737739563,
    "roll_mean_90": 0.5799999833106995
  },
  "lightgbm": {
    "price_lag_1": 6.22,
    "price_zscore": 3.28,
    "arrival_change": 3.08,
    "region_humidity": 3.05,
    "price_change_7d": 3.0,
    "price_lag_2": 2.89,
    "roll_cv_7": 2.65,
    "arrival_lag_1": 2.63,
    "roll_mean_7": 2.47,
    "delhi_humidity": 2.41,
    "arrival_lag_7": 2.41,
    "roll_cv_60": 2.15,
    "roll_cv_14": 2.14,
    "doy_sin": 2.12,
    "roll_std_7": 2.1,
    "region_temp_max": 1.99,
    "price_lag_10": 1.87,
    "trend_ratio_7_30": 1.8,
    "price_lag_21": 1.79,
    "roll_cv_30": 1.77
  }
}