{
  "xgboost": {
    "price_lag_1": 19.479999542236328,
    "roll_max_7": 18.84000015258789,
    "roll_range_14": 6.360000133514404,
    "roll_std_14": 6.059999942779541,
    "price_lag_2": 5.039999961853027,
    "trend_ratio_7_30": 4.820000171661377,
    "price_arrival_ratio": 3.9700000286102295,
    "price_change_30d": 2.2200000286102295,
    "roll_cv_30": 2.0,
    "price_zscore": 1.7300000190734863,
    "month_cos": 1.5800000429153442,
    "roll_mean_7": 1.4299999475479126,
    "doy_cos": 1.190000057220459,
    "roll_range_7": 0.9900000095367432,
    "season": 0.8399999737739563,
    "trend_ratio_30_90": 0.8199999928474426,
    "price_lag_3": 0.7900000214576721,
    "month": 0.7900000214576721,
    "delhi_rainfall": 0.6600000262260437,
    "roll_min_7": 0.6499999761581421
  },
  "lightgbm": {
    "price_lag_1": 9.62,
    "price_arrival_ratio": 4.0,
    "arrival_change": 3.63,
    "doy_cos": 3.61,
    "doy_sin": 3.31,
    "roll_cv_60": 3.23,
    "price_lag_2": 2.79,
    "arrival_lag_1": 2.79,
    "price_lag_28": 2.37,
    "price_change_7d": 2.23,
    "roll_mean_7": 2.17,
    "price_change_1d": 2.13,
    "region_humidity": 2.07,
    "delhi_temp_min": 2.03,
    "trend_ratio_30_90": 2.01,
    "price_change_30d": 1.99,
    "region_temp_min": 1.81,
    "roll_mean_14": 1.77,
    "yoy_change": 1.69,
    "price_zscore": 1.65
  }
}