{
  "xgboost": {
    "roll_max_7": 32.0,
    "price_lag_1": 24.68000030517578,
    "roll_range_7": 7.610000133514404,
    "price_lag_2": 5.96999979019165,
    "roll_cv_60": 4.360000133514404,
    "roll_cv_90": 1.690000057220459,
    "price_arrival_ratio": 1.440000057220459,
    "roll_mean_7": 1.409999966621399,
    "roll_std_7": 1.159999966621399,
    "roll_min_7": 0.9800000190734863,
    "arrival_roll_7": 0.9700000286102295,
    "region_temp_min": 0.8399999737739563,
    "price_lag_3": 0.8199999928474426,
    "price_zscore": 0.800000011920929,
    "roll_cv_14": 0.7599999904632568,
    "month_cos": 0.6299999952316284,
    "price_lag_7": 0.6100000143051147,
    "season": 0.4699999988079071,
    "roll_mean_14": 0.44999998807907104,
    "price_change_1d": 0.4099999964237213
  },
  "lightgbm": {
    "price_lag_1": 4.82,
    "arrival_change": 4.11,
    "arrival_lag_1": 3.59,
    "arrival_lag_7": 3.1,
    "roll_std_7": 3.06,
    "roll_cv_60": 2.95,
    "arrival_roll_7": 2.78,
    "roll_cv_7": 2.77,
    "roll_cv_14": 2.62,
    "delhi_temp_min": 2.36,
    "price_arrival_ratio": 2.36,
    "price_change_1d": 2.27,
    "price_lag_2": 2.18,
    "price_zscore": 2.13,
    "arrival_roll_30": 2.07,
    "roll_cv_30": 2.06,
    "price_change_30d": 2.0,
    "price_lag_3": 1.95,
    "region_rainfall": 1.85,
    "price_change_7d": 1.8
  }
}