{
  "xgboost": {
    "price_lag_1": 39.18000030517578,
    "price_lag_2": 25.959999084472656,
    "roll_max_7": 4.789999961853027,
    "price_lag_3": 3.0199999809265137,
    "roll_mean_7": 2.9600000381469727,
    "price_arrival_ratio": 2.430000066757202,
    "roll_min_7": 2.049999952316284,
    "roll_range_90": 1.2300000190734863,
    "roll_range_60": 1.0800000429153442,
    "price_change_30d": 0.9599999785423279,
    "roll_cv_60": 0.8299999833106995,
    "roll_max_90": 0.6000000238418579,
    "trend_ratio_7_30": 0.49000000953674316,
    "season": 0.44999998807907104,
    "roll_std_14": 0.4399999976158142,
    "roll_cv_30": 0.4399999976158142,
    "price_change_1d": 0.4300000071525574,
    "doy_cos": 0.4000000059604645,
    "producing_region_enc": 0.38999998569488525,
    "price_lag_30": 0.3799999952316284
  },
  "lightgbm": {
    "price_lag_1": 12.98,
    "price_lag_2": 3.86,
    "arrival_lag_1": 3.68,
    "price_change_1d": 3.23,
    "region_temp_max": 2.51,
    "price_zscore": 2.44,
    "delhi_humidity": 2.38,
    "arrival_roll_7": 2.28,
    "price_arrival_ratio": 2.19,
    "price_lag_5": 2.14,
    "price_change_7d": 2.1,
    "arrival_change": 2.0,
    "doy_cos": 1.99,
    "arrival_lag_7": 1.96,
    "delhi_temp_min": 1.95,
    "price_lag_3": 1.95,
    "price_lag_21": 1.94,
    "region_humidity": 1.83,
    "delhi_temp_max": 1.81,
    "trend_ratio_7_30": 1.79
  }
}