{
  "xgboost": {
    "price_lag_1": 19.969999313354492,
    "roll_max_7": 11.779999732971191,
    "price_lag_2": 8.539999961853027,
    "roll_range_14": 7.570000171661377,
    "roll_std_14": 7.150000095367432,
    "month_cos": 4.449999809265137,
    "roll_cv_30": 4.420000076293945,
    "trend_ratio_7_30": 3.5299999713897705,
    "price_arrival_ratio": 3.0,
    "roll_mean_7": 1.9900000095367432,
    "price_zscore": 1.7400000095367432,
    "price_change_30d": 1.690000057220459,
    "doy_cos": 1.1100000143051147,
    "season": 0.8299999833106995,
    "price_lag_3": 0.7799999713897705,
    "roll_range_7": 0.7200000286102295,
    "roll_std_7": 0.699999988079071,
    "trend_ratio_30_90": 0.6499999761581421,
    "roll_std_30": 0.5699999928474426,
    "roll_cv_60": 0.5600000023841858
  },
  "lightgbm": {
    "price_lag_1": 8.43,
    "price_arrival_ratio": 3.44,
    "arrival_lag_1": 3.31,
    "arrival_change": 3.17,
    "doy_cos": 3.12,
    "doy_sin": 2.96,
    "roll_cv_60": 2.96,
    "price_change_7d": 2.69,
    "price_lag_2": 2.48,
    "roll_mean_7": 2.28,
    "region_temp_min": 2.14,
    "trend_ratio_30_90": 2.1,
    "price_change_30d": 2.07,
    "price_lag_3": 2.05,
    "price_lag_28": 2.05,
    "price_change_1d": 1.96,
    "roll_cv_7": 1.85,
    "delhi_humidity": 1.76,
    "region_humidity": 1.76,
    "arrival_lag_7": 1.71
  }
}