{
  "xgboost": {
    "price_lag_1": 39.029998779296875,
    "price_lag_2": 22.8700008392334,
    "roll_max_7": 12.350000381469727,
    "roll_mean_7": 2.6700000762939453,
    "price_lag_3": 2.5999999046325684,
    "price_arrival_ratio": 2.2899999618530273,
    "roll_min_7": 1.3799999952316284,
    "roll_range_90": 1.159999966621399,
    "roll_max_90": 0.8999999761581421,
    "price_change_30d": 0.7799999713897705,
    "roll_cv_60": 0.6700000166893005,
    "trend_ratio_7_30": 0.6200000047683716,
    "roll_range_30": 0.6000000238418579,
    "roll_std_14": 0.4000000059604645,
    "price_change_1d": 0.38999998569488525,
    "roll_cv_30": 0.3799999952316284,
    "doy_cos": 0.36000001430511475,
    "year_norm": 0.33000001311302185,
    "price_zscore": 0.30000001192092896,
    "roll_max_60": 0.2800000011920929
  },
  "lightgbm": {
    "price_lag_1": 12.84,
    "arrival_lag_1": 3.88,
    "price_lag_2": 3.6,
    "region_temp_max": 3.03,
    "price_change_1d": 2.73,
    "delhi_humidity": 2.57,
    "price_zscore": 2.4,
    "arrival_roll_7": 2.28,
    "delhi_temp_min": 2.14,
    "doy_cos": 2.08,
    "arrival_change": 2.08,
    "price_arrival_ratio": 2.04,
    "price_change_7d": 1.97,
    "price_lag_21": 1.95,
    "price_lag_5": 1.94,
    "price_change_30d": 1.94,
    "arrival_lag_7": 1.89,
    "price_lag_3": 1.82,
    "arrival_roll_30": 1.67,
    "trend_ratio_7_30": 1.57
  }
}